{
    "Resume.docx": 1754820270.570789,
    "Resume_1.docx": 1754820292.6415076
}